{
  "ignorePatterns": [
    { "pattern": "^https:\/\/.*\\.visualstudio\\.com" },
    { "pattern": "^https:\/\/dev\\.azure\\.com" },
    { "pattern": "^https:\/\/aka\\.ms" },
    { "pattern": ".*❓.*" },
    { "pattern": "^https:\/\/www\\.microsoft\\.com" },
    { "pattern": "^*GitHubCreateMergePRs\/config\\.xml" }
  ],
  "replacementPatterns": [
    {
      "pattern": "^/",
      "replacement": "{{BASEURL}}/"
    }
  ],
  "httpHeaders": [
    {
      "urls": ["https://docs.github.com/"],
      "headers": {
        "Accept-Encoding": "zstd, br, gzip, deflate"
      }
    }
  ]
}
