{
  "version": "1.0",
  "tasks": [
    {
      "taskType": "trigger",
      "capabilityId": "AutoMerge",
      "subCapability": "AutoMerge",
      "version": "1.0",
      "config": {
        "taskName": "Automatically merge PR once CI passes",
        "label": "auto-merge",
        "minMinutesOpen": "12",
        "mergeType": "merge",
        "deleteBranches": true,
        "requireAllStatuses": true,
        "removeLabelOnPush": true,
        "silentMode": true,
        "conditionalMergeTypes": [],
        "requireAllStatuses_exemptList": [
          "msftbot",
          "codecov",
          "dependabot",
          "DotNet Maestro",
          "DotNet Maestro - Int"
        ],
        "enforceDMPAsStatus": false,
        "requireSpecificCheckRuns": true,
        "minimumNumberOfCheckRuns": 2,
        "requireSpecificCheckRunsList": [
          "unit-tests"
        ]
      },
      "disabled": false
    },
    {
      "taskType": "trigger",
      "capabilityId": "IssueResponder",
      "subCapability": "PullRequestResponder",
      "version": "1.0",
      "config": {
        "conditions": {
          "operator": "and",
          "operands": [
            {
              "name": "labelAdded",
              "parameters": {
                "label": "auto-merge"
              }
            },
            {
              "name": "isActivitySender",
              "parameters": {
                "user": "dotnet-bot"
              }
            }
          ]
        },
        "eventType": "pull_request",
        "eventNames": [
          "pull_request",
          "issues",
          "project_card"
        ],
        "taskName": "Auto-approve PRs labeled with \"auto-merge\" opened by dotnet-bot",
        "actions": [
          {
            "name": "approvePullRequest",
            "parameters": {
              "comment": "Auto-approval of dotnet-bot PRs"
            }
          }
        ]
      },
      "disabled": false
    },
    {
      "taskType": "trigger",
      "capabilityId": "IssueResponder",
      "subCapability": "PullRequestResponder",
      "version": "1.0",
      "config": {
        "conditions": {
          "operator": "and",
          "operands": [
            {
              "name": "isAction",
              "parameters": {
                "action": "merged"
              }
            },
            {
              "name": "prTargetsBranch",
              "parameters": {
                "branchName": "main"
              }
            }
          ]
        },
        "eventType": "pull_request",
        "eventNames": [
          "pull_request",
          "issues",
          "project_card"
        ],
        "taskName": "Milestone tracking - main",
        "actions": [
          {
            "name": "addMilestone",
            "parameters": {
              "milestoneName": "17.4"
            }
          }
        ],
        "dangerZone": {
          "respondToBotActions": true,
          "acceptRespondToBotActions": true
        }
      },
      "disabled": false
    },
    {
      "taskType": "trigger",
      "capabilityId": "IssueResponder",
      "subCapability": "PullRequestResponder",
      "version": "1.0",
      "config": {
        "conditions": {
          "operator": "and",
          "operands": [
            {
              "name": "prTargetsBranch",
              "parameters": {
                "branchName": "dev17.2.x"
              }
            },
            {
              "name": "isAction",
              "parameters": {
                "action": "merged"
              }
            }
          ]
        },
        "eventType": "pull_request",
        "eventNames": [
          "pull_request",
          "issues",
          "project_card"
        ],
        "taskName": "Milestone tracking - 17.2",
        "actions": [
          {
            "name": "addMilestone",
            "parameters": {
              "milestoneName": "17.2"
            }
          }
        ],
        "dangerZone": {
          "respondToBotActions": true,
          "acceptRespondToBotActions": true
        }
      }
    },
    {
      "taskType": "trigger",
      "capabilityId": "CodeFlowLink",
      "subCapability": "CodeFlowLink",
      "version": "1.0",
      "config": {
        "taskName": "CodeFlow"
      }
    },
    {
      "taskType": "trigger",
      "capabilityId": "IssueResponder",
      "subCapability": "IssuesOnlyResponder",
      "version": "1.0",
      "config": {
        "conditions": {
          "operator": "and",
          "operands": [
            {
              "operator": "or",
              "operands": [
                {
                  "operator": "not",
                  "operands": [
                    {
                      "name": "isAssignedToSomeone",
                      "parameters": {}
                    }
                  ]
                },
                {
                  "operator": "not",
                  "operands": [
                    {
                      "name": "isInMilestone",
                      "parameters": {}
                    }
                  ]
                }
              ]
            },
            {
              "operator": "or",
              "operands": [
                {
                  "name": "labelAdded",
                  "parameters": {
                    "label": "Triage-Investigate"
                  }
                },
                {
                  "name": "labelAdded",
                  "parameters": {
                    "label": "Triage-Approved"
                  }
                }
              ]
            }
          ]
        },
        "eventType": "issue",
        "eventNames": [
          "issues",
          "project_card"
        ],
        "actions": [
          {
            "name": "addReply",
            "parameters": {
              "comment": "This was marked as Triage-Approved but it's either missing an assignee or a milestone"
            }
          },
          {
            "name": "addLabel",
            "parameters": {
              "label": "Needs-Triage :mag:"
            }
          }
        ],
        "taskName": "Incorrectly triaged"
      },
      "disabled": true
    },
    {
      "taskType": "trigger",
      "capabilityId": "IssueResponder",
      "subCapability": "IssuesOnlyResponder",
      "version": "1.0",
      "config": {
        "taskName": "Add needs triage label to new issues",
        "conditions": {
          "operator": "and",
          "operands": [
            {
              "name": "isAction",
              "parameters": {
                "action": "opened"
              }
            },
            {
              "operator": "not",
              "operands": [
                {
                  "name": "labelAdded",
                  "parameters": {
                    "label": "Triage-Approved"
                  }
                }
              ]
            },
            {
              "operator": "not",
              "operands": [
                {
                  "name": "labelAdded",
                  "parameters": {
                    "label": "Triage-Investigate"
                  }
                }
              ]
            }
          ]
        },
        "actions": [
          {
            "name": "addLabel",
            "parameters": {
              "label": "Needs-Triage :mag:"
            }
          }
        ],
        "eventType": "issue",
        "eventNames": [
          "issues",
          "project_card"
        ]
      },
      "disabled": true
    },
    {
      "taskType": "trigger",
      "capabilityId": "IssueResponder",
      "subCapability": "IssueCommentResponder",
      "version": "1.0",
      "config": {
        "taskName": "Replace needs author feedback label with needs attention label when the author comments on an issue",
        "conditions": {
          "operator": "and",
          "operands": [
            {
              "name": "isAction",
              "parameters": {
                "action": "created"
              }
            },
            {
              "name": "isActivitySender",
              "parameters": {
                "user": {
                  "type": "author"
                }
              }
            },
            {
              "name": "hasLabel",
              "parameters": {
                "label": "Needs: Author Feedback"
              }
            },
            {
              "name": "isOpen",
              "parameters": {}
            }
          ]
        },
        "actions": [
          {
            "name": "addLabel",
            "parameters": {
              "label": "Needs: Attention :wave:"
            }
          },
          {
            "name": "removeLabel",
            "parameters": {
              "label": "Needs: Author Feedback"
            }
          }
        ],
        "eventType": "issue",
        "eventNames": [
          "issue_comment"
        ]
      },
      "disabled": true
    },
    {
      "taskType": "trigger",
      "capabilityId": "IssueResponder",
      "subCapability": "IssuesOnlyResponder",
      "version": "1.0",
      "config": {
        "taskName": "Remove no recent activity label from issues",
        "conditions": {
          "operator": "and",
          "operands": [
            {
              "operator": "not",
              "operands": [
                {
                  "name": "isAction",
                  "parameters": {
                    "action": "closed"
                  }
                }
              ]
            },
            {
              "name": "hasLabel",
              "parameters": {
                "label": "Status: No Recent Activity"
              }
            }
          ]
        },
        "actions": [
          {
            "name": "removeLabel",
            "parameters": {
              "label": "Status: No Recent Activity"
            }
          }
        ],
        "eventType": "issue",
        "eventNames": [
          "issues",
          "project_card"
        ]
      },
      "disabled": true
    },
    {
      "taskType": "trigger",
      "capabilityId": "IssueResponder",
      "subCapability": "IssueCommentResponder",
      "version": "1.0",
      "config": {
        "taskName": "Remove no recent activity label when an issue is commented on",
        "conditions": {
          "operator": "and",
          "operands": [
            {
              "name": "hasLabel",
              "parameters": {
                "label": "Status: No Recent Activity"
              }
            }
          ]
        },
        "actions": [
          {
            "name": "removeLabel",
            "parameters": {
              "label": "Status: No Recent Activity"
            }
          }
        ],
        "eventType": "issue",
        "eventNames": [
          "issue_comment"
        ]
      },
      "disabled": true
    },
    {
      "taskType": "scheduled",
      "capabilityId": "ScheduledSearch",
      "subCapability": "ScheduledSearch",
      "version": "1.1",
      "config": {
        "taskName": "Close stale issues",
        "frequency": [
          {
            "weekDay": 0,
            "hours": [
              1,
              7,
              13,
              19
            ]
          },
          {
            "weekDay": 1,
            "hours": [
              1,
              7,
              13,
              19
            ]
          },
          {
            "weekDay": 2,
            "hours": [
              1,
              7,
              13,
              19
            ]
          },
          {
            "weekDay": 3,
            "hours": [
              1,
              7,
              13,
              19
            ]
          },
          {
            "weekDay": 4,
            "hours": [
              1,
              7,
              13,
              19
            ]
          },
          {
            "weekDay": 5,
            "hours": [
              1,
              7,
              13,
              19
            ]
          },
          {
            "weekDay": 6,
            "hours": [
              1,
              7,
              13,
              19
            ]
          }
        ],
        "searchTerms": [
          {
            "name": "isIssue",
            "parameters": {}
          },
          {
            "name": "isOpen",
            "parameters": {}
          },
          {
            "name": "hasLabel",
            "parameters": {
              "label": "Needs: Author Feedback"
            }
          },
          {
            "name": "hasLabel",
            "parameters": {
              "label": "Status: No Recent Activity"
            }
          },
          {
            "name": "noActivitySince",
            "parameters": {
              "days": 3
            }
          }
        ],
        "actions": [
          {
            "name": "closeIssue",
            "parameters": {}
          }
        ]
      },
      "disabled": true
    },
    {
      "taskType": "scheduled",
      "capabilityId": "ScheduledSearch",
      "subCapability": "ScheduledSearch",
      "version": "1.1",
      "config": {
        "taskName": "Add no recent activity label to issues",
        "frequency": [
          {
            "weekDay": 0,
            "hours": [
              2,
              8,
              14,
              20
            ]
          },
          {
            "weekDay": 1,
            "hours": [
              2,
              8,
              14,
              20
            ]
          },
          {
            "weekDay": 2,
            "hours": [
              2,
              8,
              14,
              20
            ]
          },
          {
            "weekDay": 3,
            "hours": [
              2,
              8,
              14,
              20
            ]
          },
          {
            "weekDay": 4,
            "hours": [
              2,
              8,
              14,
              20
            ]
          },
          {
            "weekDay": 5,
            "hours": [
              2,
              8,
              14,
              20
            ]
          },
          {
            "weekDay": 6,
            "hours": [
              2,
              8,
              14,
              20
            ]
          }
        ],
        "searchTerms": [
          {
            "name": "isIssue",
            "parameters": {}
          },
          {
            "name": "isOpen",
            "parameters": {}
          },
          {
            "name": "hasLabel",
            "parameters": {
              "label": "Needs: Author Feedback"
            }
          },
          {
            "name": "noActivitySince",
            "parameters": {
              "days": 4
            }
          },
          {
            "name": "noLabel",
            "parameters": {
              "label": "Status: No Recent Activity"
            }
          }
        ],
        "actions": [
          {
            "name": "addLabel",
            "parameters": {
              "label": "Status: No Recent Activity"
            }
          },
          {
            "name": "addReply",
            "parameters": {
              "comment": "This issue has been automatically marked as stale because it has been marked as requiring author feedback but has not had any activity for **4 days**. It will be closed if no further activity occurs **within 3 days of this comment**."
            }
          }
        ]
      },
      "disabled": true
    },
    {
      "taskType": "scheduled",
      "capabilityId": "ScheduledSearch",
      "subCapability": "ScheduledSearch",
      "version": "1.1",
      "config": {
        "taskName": "Close duplicate issues",
        "frequency": [
          {
            "weekDay": 0,
            "hours": [
              3,
              9,
              15,
              21
            ]
          },
          {
            "weekDay": 1,
            "hours": [
              3,
              9,
              15,
              21
            ]
          },
          {
            "weekDay": 2,
            "hours": [
              3,
              9,
              15,
              21
            ]
          },
          {
            "weekDay": 3,
            "hours": [
              3,
              9,
              15,
              21
            ]
          },
          {
            "weekDay": 4,
            "hours": [
              3,
              9,
              15,
              21
            ]
          },
          {
            "weekDay": 5,
            "hours": [
              3,
              9,
              15,
              21
            ]
          },
          {
            "weekDay": 6,
            "hours": [
              3,
              9,
              15,
              21
            ]
          }
        ],
        "searchTerms": [
          {
            "name": "isIssue",
            "parameters": {}
          },
          {
            "name": "isOpen",
            "parameters": {}
          },
          {
            "name": "hasLabel",
            "parameters": {
              "label": "Resolution-Duplicate"
            }
          },
          {
            "name": "noActivitySince",
            "parameters": {
              "days": 1
            }
          }
        ],
        "actions": [
          {
            "name": "addReply",
            "parameters": {
              "comment": "This issue has been marked as duplicate and has not had any activity for **1 day**. It will be closed for housekeeping purposes."
            }
          },
          {
            "name": "closeIssue",
            "parameters": {}
          }
        ]
      },
      "disabled": true
    },
    {
      "taskType": "trigger",
      "capabilityId": "IssueResponder",
      "subCapability": "PullRequestReviewResponder",
      "version": "1.0",
      "config": {
        "taskName": "Add needs author feedback label to pull requests when changes are requested",
        "conditions": {
          "operator": "and",
          "operands": [
            {
              "name": "isAction",
              "parameters": {
                "action": "submitted"
              }
            },
            {
              "name": "isReviewState",
              "parameters": {
                "state": "changes_requested"
              }
            }
          ]
        },
        "actions": [
          {
            "name": "addLabel",
            "parameters": {
              "label": "Needs: Author Feedback"
            }
          }
        ],
        "eventType": "pull_request",
        "eventNames": [
          "pull_request_review"
        ]
      },
      "disabled": true
    },
    {
      "taskType": "trigger",
      "capabilityId": "IssueResponder",
      "subCapability": "PullRequestResponder",
      "version": "1.0",
      "config": {
        "taskName": "Remove needs author feedback label when the author responds to a pull request",
        "conditions": {
          "operator": "and",
          "operands": [
            {
              "name": "isActivitySender",
              "parameters": {
                "user": {
                  "type": "author"
                }
              }
            },
            {
              "operator": "not",
              "operands": [
                {
                  "name": "isAction",
                  "parameters": {
                    "action": "closed"
                  }
                }
              ]
            },
            {
              "name": "hasLabel",
              "parameters": {
                "label": "Needs: Author Feedback"
              }
            }
          ]
        },
        "actions": [
          {
            "name": "removeLabel",
            "parameters": {
              "label": "Needs: Author Feedback"
            }
          }
        ],
        "eventType": "pull_request",
        "eventNames": [
          "pull_request",
          "issues",
          "project_card"
        ]
      },
      "disabled": true
    },
    {
      "taskType": "trigger",
      "capabilityId": "IssueResponder",
      "subCapability": "PullRequestCommentResponder",
      "version": "1.0",
      "config": {
        "taskName": "Remove needs author feedback label when the author comments on a pull request",
        "conditions": {
          "operator": "and",
          "operands": [
            {
              "name": "isActivitySender",
              "parameters": {
                "user": {
                  "type": "author"
                }
              }
            },
            {
              "name": "hasLabel",
              "parameters": {
                "label": "Needs: Author Feedback"
              }
            }
          ]
        },
        "actions": [
          {
            "name": "removeLabel",
            "parameters": {
              "label": "Needs: Author Feedback"
            }
          }
        ],
        "eventType": "pull_request",
        "eventNames": [
          "issue_comment"
        ]
      },
      "disabled": true
    },
    {
      "taskType": "trigger",
      "capabilityId": "IssueResponder",
      "subCapability": "PullRequestReviewResponder",
      "version": "1.0",
      "config": {
        "taskName": "Remove needs author feedback label when the author responds to a pull request review comment",
        "conditions": {
          "operator": "and",
          "operands": [
            {
              "name": "isActivitySender",
              "parameters": {
                "user": {
                  "type": "author"
                }
              }
            },
            {
              "name": "hasLabel",
              "parameters": {
                "label": "Needs: Author Feedback"
              }
            }
          ]
        },
        "actions": [
          {
            "name": "removeLabel",
            "parameters": {
              "label": "Needs: Author Feedback"
            }
          }
        ],
        "eventType": "pull_request",
        "eventNames": [
          "pull_request_review"
        ]
      },
      "disabled": true
    },
    {
      "taskType": "trigger",
      "capabilityId": "IssueResponder",
      "subCapability": "PullRequestResponder",
      "version": "1.0",
      "config": {
        "taskName": "Remove no recent activity label from pull requests",
        "conditions": {
          "operator": "and",
          "operands": [
            {
              "operator": "not",
              "operands": [
                {
                  "name": "isAction",
                  "parameters": {
                    "action": "closed"
                  }
                }
              ]
            },
            {
              "name": "hasLabel",
              "parameters": {
                "label": "Status: No Recent Activity"
              }
            }
          ]
        },
        "actions": [
          {
            "name": "removeLabel",
            "parameters": {
              "label": "Status: No Recent Activity"
            }
          }
        ],
        "eventType": "pull_request",
        "eventNames": [
          "pull_request",
          "issues",
          "project_card"
        ]
      },
      "disabled": true
    },
    {
      "taskType": "trigger",
      "capabilityId": "IssueResponder",
      "subCapability": "PullRequestCommentResponder",
      "version": "1.0",
      "config": {
        "taskName": "Remove no recent activity label when a pull request is commented on",
        "conditions": {
          "operator": "and",
          "operands": [
            {
              "name": "hasLabel",
              "parameters": {
                "label": "Status: No Recent Activity"
              }
            }
          ]
        },
        "actions": [
          {
            "name": "removeLabel",
            "parameters": {
              "label": "Status: No Recent Activity"
            }
          }
        ],
        "eventType": "pull_request",
        "eventNames": [
          "issue_comment"
        ]
      },
      "disabled": true
    },
    {
      "taskType": "trigger",
      "capabilityId": "IssueResponder",
      "subCapability": "PullRequestReviewResponder",
      "version": "1.0",
      "config": {
        "taskName": "Remove no recent activity label when a pull request is reviewed",
        "conditions": {
          "operator": "and",
          "operands": [
            {
              "name": "hasLabel",
              "parameters": {
                "label": "Status: No Recent Activity"
              }
            }
          ]
        },
        "actions": [
          {
            "name": "removeLabel",
            "parameters": {
              "label": "Status: No Recent Activity"
            }
          }
        ],
        "eventType": "pull_request",
        "eventNames": [
          "pull_request_review"
        ]
      },
      "disabled": true
    },
    {
      "taskType": "scheduled",
      "capabilityId": "ScheduledSearch",
      "subCapability": "ScheduledSearch",
      "version": "1.1",
      "config": {
        "taskName": "Close stale pull requests",
        "frequency": [
          {
            "weekDay": 0,
            "hours": [
              4,
              10,
              16,
              22
            ]
          },
          {
            "weekDay": 1,
            "hours": [
              4,
              10,
              16,
              22
            ]
          },
          {
            "weekDay": 2,
            "hours": [
              4,
              10,
              16,
              22
            ]
          },
          {
            "weekDay": 3,
            "hours": [
              4,
              10,
              16,
              22
            ]
          },
          {
            "weekDay": 4,
            "hours": [
              4,
              10,
              16,
              22
            ]
          },
          {
            "weekDay": 5,
            "hours": [
              4,
              10,
              16,
              22
            ]
          },
          {
            "weekDay": 6,
            "hours": [
              4,
              10,
              16,
              22
            ]
          }
        ],
        "searchTerms": [
          {
            "name": "isPr",
            "parameters": {}
          },
          {
            "name": "isOpen",
            "parameters": {}
          },
          {
            "name": "hasLabel",
            "parameters": {
              "label": "Needs: Author Feedback"
            }
          },
          {
            "name": "hasLabel",
            "parameters": {
              "label": "Status: No Recent Activity"
            }
          },
          {
            "name": "noActivitySince",
            "parameters": {
              "days": 7
            }
          }
        ],
        "actions": [
          {
            "name": "closeIssue",
            "parameters": {}
          },
          {
            "name": "addReply",
            "parameters": {
              "comment": "This PR has been open for over a week without any activity. We're closing it to avoid stale PRs"
            }
          }
        ]
      },
      "disabled": true
    },
    {
      "taskType": "scheduled",
      "capabilityId": "ScheduledSearch",
      "subCapability": "ScheduledSearch",
      "version": "1.1",
      "config": {
        "taskName": "Add no recent activity label to pull requests",
        "frequency": [
          {
            "weekDay": 0,
            "hours": [
              5,
              11,
              17,
              23
            ]
          },
          {
            "weekDay": 1,
            "hours": [
              5,
              11,
              17,
              23
            ]
          },
          {
            "weekDay": 2,
            "hours": [
              5,
              11,
              17,
              23
            ]
          },
          {
            "weekDay": 3,
            "hours": [
              5,
              11,
              17,
              23
            ]
          },
          {
            "weekDay": 4,
            "hours": [
              5,
              11,
              17,
              23
            ]
          },
          {
            "weekDay": 5,
            "hours": [
              5,
              11,
              17,
              23
            ]
          },
          {
            "weekDay": 6,
            "hours": [
              5,
              11,
              17,
              23
            ]
          }
        ],
        "searchTerms": [
          {
            "name": "isPr",
            "parameters": {}
          },
          {
            "name": "isOpen",
            "parameters": {}
          },
          {
            "name": "hasLabel",
            "parameters": {
              "label": "Needs: Author Feedback"
            }
          },
          {
            "name": "noActivitySince",
            "parameters": {
              "days": 7
            }
          },
          {
            "name": "noLabel",
            "parameters": {
              "label": "Status: No Recent Activity"
            }
          }
        ],
        "actions": [
          {
            "name": "addLabel",
            "parameters": {
              "label": "Status: No Recent Activity"
            }
          },
          {
            "name": "addReply",
            "parameters": {
              "comment": "This pull request has been automatically marked as stale because it has been marked as requiring author feedback but has not had any activity for **7 days**. It will be closed if no further activity occurs **within 7 days of this comment**."
            }
          }
        ]
      },
      "disabled": true
    },
    {
      "taskType": "trigger",
      "capabilityId": "IssueResponder",
      "subCapability": "IssuesOnlyResponder",
      "version": "1.0",
      "config": {
        "conditions": {
          "operator": "and",
          "operands": [
            {
              "name": "labelAdded",
              "parameters": {
                "label": "Needs-CPS-work"
              }
            }
          ]
        },
        "eventType": "issue",
        "eventNames": [
          "issues",
          "project_card"
        ],
        "taskName": "Needs-CPS-Work",
        "actions": [
          {
            "name": "addReply",
            "parameters": {
              "comment": "Please create an issue in AzDo to link to this one"
            }
          }
        ]
      },
      "disabled": true
    },
    {
      "taskType": "trigger",
      "capabilityId": "IssueResponder",
      "subCapability": "PullRequestResponder",
      "version": "1.0",
      "config": {
        "conditions": {
          "operator": "and",
          "operands": [
            {
              "name": "prTargetsBranch",
              "parameters": {
                "branchName": "dev16.8.x"
              }
            },
            {
              "name": "isAction",
              "parameters": {
                "action": "merged"
              }
            }
          ]
        },
        "eventType": "pull_request",
        "eventNames": [
          "pull_request",
          "issues",
          "project_card"
        ],
        "taskName": "Milestone tracking - 16.8",
        "actions": [
          {
            "name": "addMilestone",
            "parameters": {
              "milestoneName": "16.8"
            }
          }
        ]
      }
    },
    {
      "taskType": "trigger",
      "capabilityId": "InPrLabel",
      "subCapability": "InPrLabel",
      "version": "1.0",
      "config": {
        "fixedLabelEnabled": true,
        "label_fixed": "Resolution-Fixed",
        "taskName": "Mark bugs with \"Resolution-Fixed\""
      }
    },
    {
      "taskType": "trigger",
      "capabilityId": "EmailCleanser",
      "subCapability": "EmailCleanser",
      "version": "1.0",
      "config": {
        "taskName": "Email cleanser"
      }
    },
    {
      "taskType": "trigger",
      "capabilityId": "LabelSync",
      "subCapability": "LabelSync",
      "version": "1.0",
      "config": {
        "taskName": "Sync labels from issues -> PR",
        "labelPatterns": [
          {
            "pattern": "Feature-"
          },
          {
            "pattern": "Performance"
          },
          {
            "pattern": "Tenet"
          },
          {
            "pattern": "Parity"
          }
        ]
      }
    },
    {
      "taskType": "trigger",
      "capabilityId": "IssueResponder",
      "subCapability": "PullRequestResponder",
      "version": "1.0",
      "config": {
        "conditions": {
          "operator": "and",
          "operands": [
            {
              "name": "prTargetsBranch",
              "parameters": {
                "branchName": "dev16.9.x"
              }
            },
            {
              "name": "isAction",
              "parameters": {
                "action": "merged"
              }
            }
          ]
        },
        "eventType": "pull_request",
        "eventNames": [
          "pull_request",
          "issues",
          "project_card"
        ],
        "taskName": "Milestone tracking - 16.9",
        "actions": [
          {
            "name": "addMilestone",
            "parameters": {
              "milestoneName": "16.9"
            }
          }
        ]
      }
    },
    {
      "taskType": "trigger",
      "capabilityId": "IssueResponder",
      "subCapability": "PullRequestResponder",
      "version": "1.0",
      "config": {
        "conditions": {
          "operator": "and",
          "operands": [
            {
              "name": "prTargetsBranch",
              "parameters": {
                "branchName": "dev16.10.x"
              }
            },
            {
              "name": "isAction",
              "parameters": {
                "action": "merged"
              }
            }
          ]
        },
        "eventType": "pull_request",
        "eventNames": [
          "pull_request",
          "issues",
          "project_card"
        ],
        "taskName": "Milestone tracking - 16.10",
        "actions": [
          {
            "name": "addMilestone",
            "parameters": {
              "milestoneName": "16.10"
            }
          }
        ]
      }
    },
    {
      "taskType": "trigger",
      "capabilityId": "IssueResponder",
      "subCapability": "PullRequestResponder",
      "version": "1.0",
      "config": {
        "conditions": {
          "operator": "and",
          "operands": [
            {
              "name": "prTargetsBranch",
              "parameters": {
                "branchName": "dev17.0.x"
              }
            },
            {
              "name": "isAction",
              "parameters": {
                "action": "merged"
              }
            }
          ]
        },
        "eventType": "pull_request",
        "eventNames": [
          "pull_request",
          "issues",
          "project_card"
        ],
        "taskName": "Milestone tracking - 17.0",
        "actions": [
          {
            "name": "addMilestone",
            "parameters": {
              "milestoneName": "17.0"
            }
          }
        ]
      }
    },
    {
      "taskType": "trigger",
      "capabilityId": "IssueResponder",
      "subCapability": "PullRequestResponder",
      "version": "1.0",
      "config": {
        "conditions": {
          "operator": "and",
          "operands": [
            {
              "name": "prTargetsBranch",
              "parameters": {
                "branchName": "dev16.11.x"
              }
            },
            {
              "name": "isAction",
              "parameters": {
                "action": "merged"
              }
            }
          ]
        },
        "eventType": "pull_request",
        "eventNames": [
          "pull_request",
          "issues",
          "project_card"
        ],
        "taskName": "Milestone tracking - 16.11",
        "actions": [
          {
            "name": "addMilestone",
            "parameters": {
              "milestoneName": "16.11"
            }
          }
        ]
      }
    },
    {
      "taskType": "trigger",
      "capabilityId": "IssueResponder",
      "subCapability": "PullRequestResponder",
      "version": "1.0",
      "config": {
        "conditions": {
          "operator": "and",
          "operands": [
            {
              "name": "prTargetsBranch",
              "parameters": {
                "branchName": "dev17.1.x"
              }
            },
            {
              "name": "isAction",
              "parameters": {
                "action": "merged"
              }
            }
          ]
        },
        "eventType": "pull_request",
        "eventNames": [
          "pull_request",
          "issues",
          "project_card"
        ],
        "taskName": "Milestone tracking - 17.1",
        "actions": [
          {
            "name": "addMilestone",
            "parameters": {
              "milestoneName": "17.1"
            }
          }
        ]
      }
    },
    {
      "taskType": "trigger",
      "capabilityId": "IssueResponder",
      "subCapability": "PullRequestResponder",
      "version": "1.0",
      "config": {
        "conditions": {
          "operator": "and",
          "operands": [
            {
              "name": "isAction",
              "parameters": {
                "action": "merged"
              }
            },
            {
              "operator": "or",
              "operands": [
                {
                  "name": "prTargetsBranch",
                  "parameters": {
                    "branchName": "dev17.3.x"
                  }
                },
                {
                  "name": "prTargetsBranch",
                  "parameters": {
                    "branchName": "dev17.3-preview2"
                  }
                }
              ]
            }
          ]
        },
        "eventType": "pull_request",
        "eventNames": [
          "pull_request",
          "issues",
          "project_card"
        ],
        "taskName": "Milestone tracking - 17.3",
        "actions": [
          {
            "name": "addMilestone",
            "parameters": {
              "milestoneName": "17.3"
            }
          }
        ]
      }
    },
    {
      "taskType": "trigger",
      "capabilityId": "IssueResponder",
      "subCapability": "PullRequestResponder",
      "version": "1.0",
      "config": {
        "conditions": {
          "operator": "and",
          "operands": [
            {
              "name": "isAction",
              "parameters": {
                "action": "merged"
              }
            },
            {
              "operator": "or",
              "operands": [
                {
                  "name": "prTargetsBranch",
                  "parameters": {
                    "branchName": "dev17.4-preview1"
                  }
                }
              ]
            }
          ]
        },
        "eventType": "pull_request",
        "eventNames": [
          "pull_request",
          "issues",
          "project_card"
        ],
        "taskName": "Milestone tracking - 17.4",
        "actions": [
          {
            "name": "addMilestone",
            "parameters": {
              "milestoneName": "17.4"
            }
          }
        ]
      }
    }
  ],
  "userGroups": []
}